,Titulo,Precio,Imagen
0,Zte Blade A55 Dual Sim 128gb 4gb Ram,500.000,https://http2.mlstatic.com/D_Q_NP_2X_724202-MCO83153296147_032025-V.webp
1,Zte Blade A35e Dual Sim 64gb 2gb Ram,499.000,https://http2.mlstatic.com/D_Q_NP_2X_939552-MCO83649111115_042025-V.webp
2,Xiaomi Poco X7 Pro 5g 512gb Verde 12ram 50mpx,2.114.143,https://http2.mlstatic.com/D_Q_NP_2X_823732-MLA81806997422_012025-V.webp
3,"Xiaomi Redmi Note 14 4g 6,67 256gb 8gb Ram Cámara 108mpx - Verde",819.900,https://http2.mlstatic.com/D_Q_NP_2X_704159-MLA82609601731_022025-V.webp
4,Xiaomi Redmi 14c 128gb 4gb de RAM Dual Sim Sage Green,439.900,https://http2.mlstatic.com/D_Q_NP_2X_631376-MLA83786886846_042025-V.webp
5,Xiaomi Poco X7 5g Dual Sim 512gb Negro 12ram 50mpx,1.529.900,https://http2.mlstatic.com/D_Q_NP_2X_908795-MLA81804825730_012025-V.webp
6,Samsung Galaxy S25 Ultra 256gb Titanium Black,6.279.900,https://http2.mlstatic.com/D_Q_NP_2X_980770-MLA83184812626_042025-V.webp
7,Samsung Galaxy A56 5g 256 GB 8 GB RAM rosa,2.399.900,https://http2.mlstatic.com/D_Q_NP_2X_746900-MLA83060332295_032025-V.webp
8,Samsung Galaxy A05 Dual SIM 128 GB negro 4 GB RAM,349.900,https://http2.mlstatic.com/D_Q_NP_2X_823381-MLA73953581906_012024-V.webp
9,"Celular Xiaomi Redmi 14c 4GB 256GB LCD 6.88"" 50MP 13MP Azul Astral",638.900,https://http2.mlstatic.com/D_Q_NP_2X_939242-MLA83786461800_042025-V.webp
10,Apple iPhone 15 128 GB Negro,3.064.642,https://http2.mlstatic.com/D_Q_NP_2X_779617-MLA71782867320_092023-V.webp
11,"Celular infinix note 50s 5g pantalla 3D curvada ultra delgada 256gb rom 8gb ram gris 6.78"" 144Hz amoled 5200mah carga rápida 45w",1.399.900,https://http2.mlstatic.com/D_Q_NP_2X_827313-MLA85451875198_062025-V.webp
12,Samsung Galaxy S24 Fe 256gb 8gb 5g Blue,3.599.900,https://http2.mlstatic.com/D_Q_NP_2X_785068-MLA79739352176_102024-V.webp
13,"Teléfono celular Samsung Galaxy A16, 256 GB + 8 GB de RAM, cámara de hasta 50 MP, pantalla 6.7, NFC, Ip54, batería negra de 5000 mAh",1.499.900,https://http2.mlstatic.com/D_Q_NP_2X_788465-MLA80780261870_112024-V.webp
14,"Xiaomi Redmi A5 4g 6,8 128gb 4gb Ram Cámara 32mpx - Black",599.000,https://http2.mlstatic.com/D_Q_NP_2X_825173-MLA83228923866_042025-V.webp
15,Apple iPhone 16 Pro Max (256 GB) - Titanio del desierto - Distribuidor Autorizado,6.969.000,https://http2.mlstatic.com/D_Q_NP_2X_728476-MLU78878973712_092024-V.webp
16,Xiaomi Redmi Note 14 Pro 4g Negro 256gb 8ram 200mpx,1.449.900,https://http2.mlstatic.com/D_Q_NP_2X_877874-MLA82154417427_012025-V.webp
17,Samsung Galaxy S25 Ultra 5g Dual Sim 512 Gb Color Blanco,7.979.000,https://http2.mlstatic.com/D_Q_NP_2X_736571-MLA82889346063_032025-V.webp
18,"Xiaomi Redmi Note 14 4g 6,67 128gb 6gb Ram Cámara 108mpx - Color Verde Lima",750.000,https://http2.mlstatic.com/D_Q_NP_2X_806689-MLA82195739023_012025-V.webp
19,Samsung Galaxy S24 Ultra 5G Dual SIM 512 GB titanium black 12 GB RAM,6.599.000,https://http2.mlstatic.com/D_Q_NP_2X_943032-MLA74322939878_022024-V.webp
20,Samsung Galaxy S24 Ultra 5G Dual SIM 512 GB titanium violet 12 GB RAM,6.599.000,https://http2.mlstatic.com/D_Q_NP_2X_876756-MLA74196675597_012024-V.webp
21,Apple iPhone 16 (128 GB) - Negro,3.799.900,https://http2.mlstatic.com/D_Q_NP_2X_677076-MLU79116568655_092024-V.webp
22,Celular Xiaomi Poco X7 Pro 5g Dual Sim 256gb Negro 8ram 50mpx,1.928.429,https://http2.mlstatic.com/D_Q_NP_2X_662793-MLA81920022500_012025-V.webp
23,Motorola Moto G34 Dual SIM 5G 256GB Azul ártico 8GB RAM,801.400,https://http2.mlstatic.com/D_Q_NP_2X_967553-MLU75146793802_032024-V.webp
24,"Xiaomi Redmi Note 14 8gb Ram 256gb Amoled 6,67 Cámara 108mp Azul",709.900,https://http2.mlstatic.com/D_Q_NP_2X_738149-MLA81820953324_012025-V.webp
25,Celular Motorola Moto G55 256gb 8gb RAM 5g Rosa,685.000,https://http2.mlstatic.com/D_Q_NP_2X_680163-MLA82053181387_012025-V.webp
26,Xiaomi Redmi Note 14 Pro 5g Violeta 256gb 8ram 200mpx,1.849.900,https://http2.mlstatic.com/D_Q_NP_2X_868341-MLA81873463232_012025-V.webp
27,Apple iPhone 16 Pro (128 GB) - Titanio del desierto,5.971.700,https://http2.mlstatic.com/D_Q_NP_2X_635781-MLU78878969280_092024-V.webp
28,Apple iPhone 16 (128 GB) - Blanco - Distribuidor Autorizado,4.649.000,https://http2.mlstatic.com/D_Q_NP_2X_943288-MLU78891932006_092024-V.webp
29,Samsung Galaxy A06 128gb 4gb Light Green,384.000,https://http2.mlstatic.com/D_Q_NP_2X_723556-MLA79994385647_102024-V.webp
30,Cel Samsung A56 12 Gb Ram 256 Gb 5g 6.7 Pulgadas Negro,1.712.771,https://http2.mlstatic.com/D_Q_NP_2X_800005-MLA83623281227_042025-V.webp
31,Apple iPhone 15 (128 GB) - Azul - Distribuidor Autorizado,4.059.000,https://http2.mlstatic.com/D_Q_NP_2X_759471-MLA71782897602_092023-V.webp
32,iPhone 16e (128 Gb) - Negro - Distribuidor Autorizado,3.489.000,https://http2.mlstatic.com/D_Q_NP_2X_952892-MLA82578193512_032025-V.webp
33,Samsung Galaxy A05 Dual SIM 64 GB verde 4 GB RAM,279.900,https://http2.mlstatic.com/D_Q_NP_2X_755746-MLA74647572998_022024-V.webp
34,Xiaomi Redmi Note 14 4g 128gb 6ram Azul Océano,750.000,https://http2.mlstatic.com/D_Q_NP_2X_802778-MLA82760655707_022025-V.webp
35,Xiaomi Redmi Note 13 Pro+ 5G Dual SIM 512 GB blanco 12 GB RAM,2.328.429,https://http2.mlstatic.com/D_Q_NP_2X_896414-MLA80020958147_102024-V.webp
36,Celular Xiaomi Poco X7 5g Dual Sim 256gb Verde 8ram 50mpx,979.900,https://http2.mlstatic.com/D_Q_NP_2X_868680-MLA82238047039_022025-V.webp
37,Celular Motorola Moto G35 256gb 4gb Ram Gris,1.399.900,https://http2.mlstatic.com/D_Q_NP_2X_730287-MLA82183803095_012025-V.webp
38,Apple iPhone 16 Pro Max (256 GB) - Titanio natural,4.799.894,https://http2.mlstatic.com/D_Q_NP_2X_768410-MLU78891930890_092024-V.webp
39,Xiaomi Redmi 13 Dual SIM 256 GB dorado 8 GB RAM,629.900,https://http2.mlstatic.com/D_Q_NP_2X_754539-MLA85083731733_052025-V.webp
40,Celular Motorola G85 Ram 8gb / 256gb Verde,1.799.900,https://http2.mlstatic.com/D_Q_NP_2X_801900-MLA82920180108_032025-V.webp
41,Samsung Galaxy S24 Ultra 5G Dual SIM 256 GB titanium black 8 GB RAM,6.899.920,https://http2.mlstatic.com/D_Q_NP_2X_731135-MLA79227832577_092024-V.webp
42,Xiaomi POCO Poco X6 Pro 5G Dual SIM 512 GB gris 12 GB RAM,1.399.980,https://http2.mlstatic.com/D_Q_NP_2X_877137-MLU77589588256_072024-V.webp
43,Moto G24 Power dual SIM 256GB celeste glaciar 8GB RAM,519.900,https://http2.mlstatic.com/D_Q_NP_2X_792099-MLU75550775487_042024-V.webp
44,Samsung Galaxy A05 64 GB negro 4 GB RAM,279.900,https://http2.mlstatic.com/D_Q_NP_2X_713582-MLA77213064255_062024-V.webp
45,Celular Xiaomi Redmi Note 14 Pro 256gb 8gb Ram Azul,924.400,https://http2.mlstatic.com/D_Q_NP_2X_876650-MLA82334109490_022025-V.webp
46,Celular Xiaomi Poco C71 4gb Ram 128gb Rom Dual Sim Gold,499.900,https://http2.mlstatic.com/D_Q_NP_2X_666151-MLA84389429749_052025-V.webp
47,Samsung Galaxy A35 5g 256 GB Azul oscuro 8 GB RAM,1.499.000,https://http2.mlstatic.com/D_Q_NP_2X_743836-MLA75257072466_032024-V.webp
48,"Xiaomi Redmi A5 4g 6,8 64gb 3gb Ram Cámara 32mpx - Dorado",324.900,https://http2.mlstatic.com/D_Q_NP_2X_815727-MLA83523005915_042025-V.webp
49,Honor X6b Dual Sim 128 Gb Lila 4 Gb Ram,349.900,https://http2.mlstatic.com/D_Q_NP_2X_944419-MLA83082758461_032025-V.webp
50,Celular Xiaomi Redmi Note 14 Pro 256gb 8gb Ram Negro,959.900,https://http2.mlstatic.com/D_Q_NP_2X_907413-MLA82333325952_022025-V.webp
51,Nokia 105 4G 128 MB negro 48 MB RAM,144.308,https://http2.mlstatic.com/D_Q_NP_2X_805133-MLA74650234148_022024-V.webp
